dni,nombre,apellido,direccion,telefono
92212751F,Deborah,Spillard,3 Coolidge Hill,733661891
82700732N,Biddy,Luthwood,75 Huxley Terrace,904523434
99403037U,Fairfax,Doerr,05 Nancy Plaza,638033593
70697308Z,Bernardo,Attryde,77039 Cordelia Way,979449413
94319873E,Udell,Davidowsky,1428 Stephen Junction,953225047
38285338V,Caralie,MacNish,09513 Upham Lane,786698486
37508506O,Carol,Kilby,75 Elmside Road,706867305
64156149B,Talya,Bogeys,21 Boyd Way,999226001
94835156T,Dyanne,Presser,2 Carberry Parkway,684302072
26249247K,Alva,Siemantel,368 Porter Street,751632202
15118936T,Christoffer,Carnduff,897 Judy Center,664165376
17603050L,Claudian,Woodrup,2 Westport Point,982247418
92140569S,Bengt,Boor,7446 Green Parkway,915692836
15614406U,Carmelita,Palomba,467 Arizona Point,958626618
99158142C,Sherlocke,Duffill,2 Hollow Ridge Trail,641193864
16557884Q,Thatcher,Felipe,706 Goodland Junction,776971866
48049151R,Valentine,Murty,10 Shasta Court,652911781
33956810Z,Devland,Dumini,88 Stephen Crossing,655755638
26117945D,Currie,Buffham,99376 Birchwood Street,701241730
20283559V,Silvester,Fatscher,42721 Thackeray Court,602552562
42430489V,Therese,Etchell,31 Merrick Circle,917265222
67164302B,Sophey,Impey,022 Forest Avenue,997505589
64734546U,Saundra,Noor,547 Express Circle,653906638
63991718M,Jeffrey,Paschke,3723 Briar Crest Drive,727666161
33380640I,Ardelle,Eagling,56 Colorado Court,928549391
66357027Y,Egon,Turl,7 Monica Avenue,717979922
27029243G,Melinda,Prosch,134 Mccormick Avenue,941358936
36220531I,Rea,Valance,5 Prairie Rose Road,783414942
87224731U,Hayden,Clothier,551 Forster Hill,718130916
92953413C,Waverley,Blackadder,990 Crest Line Pass,612052444
90981784H,Roshelle,Ida,63 Mayfield Place,938291504
64012408R,Vernen,Froome,008 Holy Cross Lane,937826172
56628315T,Ronnie,Purvis,81 Fisk Street,661392931
04485990V,Uta,Hector,8 Green Ridge Point,619278903
07129346R,Florinda,Sertin,471 Reinke Junction,695324431
27209545T,Xaviera,Winsor,0 Cambridge Lane,767230347
85562930R,Randee,Ashford,765 Oriole Street,993552025
92513578Y,Orsa,Stockau,61313 Oak Way,758191682
93215395N,Lise,Risman,379 Maryland Point,938031121
37936067O,Coralyn,Westberg,95239 Kingsford Drive,770079939
59217581S,Lyn,Lorenzin,772 Vidon Avenue,956764083
96913225X,Ilsa,Steenson,96 Dwight Alley,756471056
99228097R,Sandy,Caudrey,002 Montana Trail,904197795
27317731D,Mindy,Antonikov,70 Boyd Center,964567096
47134910K,Gabbie,Brighty,5990 John Wall Circle,759505230
47962006A,Boony,Corss,006 Sommers Drive,716651632
53667866T,Dari,Penchen,428 Johnson Point,713956436
48549295I,Sindee,Pfeiffer,72100 Fremont Road,761300547
88642860B,Zeb,Luipold,957 Forster Parkway,741488941
74960470M,Matty,Ricker,2 Brown Park,723613132
21969291B,Kaitlyn,Ovid,7252 Prairieview Street,778370527
64159064V,Fredia,Applewhite,5 Kinsman Way,731548602
18234185S,Sax,Kesley,21737 Rutledge Parkway,932538877
94652623O,Val,Armer,02550 Amoth Lane,694717234
77048128V,Reeba,Snar,485 Dottie Junction,754333408
83294585D,Haydon,Braker,3020 Anderson Alley,696324205
97994852Y,Paulo,Buttle,04240 Forest Dale Parkway,983540418
33109717A,Lexy,Swenson,930 Scofield Avenue,619211695
03145941R,Gussie,Enston,00930 Moose Parkway,634525746
94147616U,Cloe,Cornner,800 Rusk Circle,655582608
01727835F,Rebbecca,Alexandersson,942 Dawn Street,644455808
23539052J,Farah,Parncutt,51 Eggendart Way,698466626
26211947X,Eziechiele,Brosel,3700 Butternut Place,680277502
48710979V,Leta,Rowesby,0 Pennsylvania Plaza,718294369
53009476E,Allix,Goodwell,73822 Brentwood Place,754199705
01219113J,Jacenta,Johanning,79133 Blue Bill Park Point,748332331
47986098Y,Ban,Eddolls,11 Moose Drive,696439767
96759575E,Marius,Marchetti,69 Erie Hill,901135854
09673389E,Korrie,Sharpling,7 Hallows Terrace,695147807
31272898W,Denys,Spall,255 Helena Point,963629120
03004939I,Bastien,Hutchence,7246 Reindahl Place,693327319
18299902P,Corbett,Redmire,3873 Russell Terrace,731361066
64211558J,Hedvig,Carlson,80013 Pawling Alley,649380135
94644666N,Meier,Hegden,032 Colorado Avenue,793555799
52637893Q,Jessy,Humbey,2 Old Shore Place,945032519
20466242S,Gisella,Deeves,0096 Pond Park,669756859
73553229Z,Ahmad,Bradd,9031 Di Loreto Junction,939859034
34233329A,Sherrie,Doring,18 Ridgeview Plaza,702913796
11844390W,Dorisa,Rae,1975 Chive Center,691543846
28875137G,Aubrie,McCreath,78886 Goodland Trail,715783602
79208978H,Glynis,Jochanany,6563 Merry Plaza,715321253
87240808L,Orlan,Canadas,9 Mariners Cove Center,750864323
10883678N,Arlina,Pheasey,7 Gale Center,776569292
45453514F,Gail,Polk,864 Monument Terrace,740606929
03473879G,Hy,Hulme,9 Miller Drive,953694364
91413430O,Tad,Sealove,53513 Rusk Pass,780136194
92171434M,Renard,Beadel,2864 Northport Alley,743389559
51181571K,Aili,Urquhart,52 Pleasure Alley,980973985
41508002E,Brianne,Ferney,57432 Mitchell Trail,642165446
25655500Q,Silvio,McVeagh,27516 Everett Drive,747982994
75787579W,Madlen,Le Guin,50 Fremont Junction,723355205
49442938E,Mildred,Sherbrooke,6 Waywood Pass,975584372
47706917P,Jinny,Beasant,644 American Plaza,641904086
88540141T,Loise,Beckers,67 Schlimgen Park,706468267
77528477O,Rhiamon,Grealey,924 Coolidge Road,922082841
83343543B,Colan,Enoksson,16 New Castle Drive,729686834
73622730U,Georas,Fayer,07525 Welch Hill,625786747
14766000H,Jessalin,Meininger,670 Milwaukee Place,604481976
80680058S,Harmonia,Sellens,5 Sachtjen Hill,974996156
14708073R,Lavina,Glyssanne,03 New Castle Terrace,684532337
77450779P,Boothe,Belliveau,90833 Comanche Court,993553089
57541170C,Bernetta,Drissell,171 Pleasure Point,769654033
22164277W,Angie,Hargraves,9 Melby Hill,707078953
36648947R,Vivie,Ambrogelli,1323 Jenna Plaza,672258784
42975771I,Meryl,Romain,53947 Eagle Crest Center,928468793
78386091A,Edythe,Ruhben,01551 Coleman Parkway,779215714
63980524W,Tyne,Klyner,5 American Crossing,986504847
72981196A,Cynthie,Longstreet,0458 Roxbury Way,926994772
01539395M,Othelia,Jiggens,09815 Artisan Way,764952179
32360083I,Burnard,Munslow,58 Marcy Pass,747204388
74717162E,Terrijo,Withinshaw,28279 Reinke Way,921815822
06884302B,Tobie,Gillfillan,65802 Towne Junction,978092861
93139710O,Steffen,Welton,63806 Manitowish Circle,792459749
62467232M,Sammy,Pearle,11 Del Sol Crossing,939876660
29987527Z,Archie,Leyborne,4 Novick Center,755899953
88111668Z,Mersey,Ashall,99294 Portage Junction,958728310
29419301Q,Fernanda,Peter,831 Main Road,980831841
57660688C,Tait,Lalonde,7 Hansons Junction,910347188
39509656N,Kelly,Rapin,13834 South Way,613327802
48823873P,Freddy,Onraet,88073 Ridge Oak Street,952818579
86487305Z,Helen,Nutten,73 Garrison Place,739367443
63771821M,Sylvester,Ogden,66 Dayton Trail,671832521
25463926O,Rudd,Biswell,43863 Anzinger Street,673250604
61298633I,Averell,Duffil,1 Del Mar Park,753244874
64392111J,Cindy,Mallinder,3 Granby Center,952233826
24162096Y,Kamillah,Breckin,4 Village Green Crossing,693775588
98166296D,Rickie,Ogger,450 Northland Drive,999105993
92111632O,Dallis,Guidera,75 Schmedeman Center,705101332
35433903F,Tonie,Parffrey,1 Haas Trail,734586786
59124091L,Madalena,Geraldo,399 Maryland Drive,740301711
88590740E,Jasper,Adamovicz,2389 Hovde Road,780414194
43342012E,Bird,Gravy,86633 Continental Lane,643475033
76902597Q,Filmore,Hedge,60 Novick Avenue,617266708
89499705R,Quincy,Teale,5 Hanover Point,796348358
82912121H,Bernard,Shearman,53 Logan Trail,913241265
17250783D,Brennen,Powers,6 Holmberg Parkway,966702744
89960308L,Lanie,Eskriet,89663 Aberg Place,983546328
81819706H,Ashley,Filintsev,7605 Homewood Point,981426641
08990361B,Lyn,Hardware,4974 Sundown Circle,779822926
01129141M,Pauletta,MacRory,5 Sundown Alley,626032162
46497841S,Jarad,McInnery,6368 Gina Way,900480125
51646426P,Onida,Toby,78867 Esker Crossing,696340447
05028150Z,Lester,Benson,828 Browning Center,998611329
67946084T,Neda,Seeks,291 Saint Paul Parkway,920091899
31738476Q,Lucine,Tingle,61898 5th Parkway,729862330
93037677C,Rosalyn,Rheam,9 Oriole Road,794064789
73980218I,Tracie,Lofty,44 Sunnyside Street,903564577
09866581K,Cletus,Perry,151 Bluestem Parkway,727698153
43920040Y,Lamar,Haggerston,80849 Killdeer Circle,616751892
34114745E,Estel,Penna,761 Eagan Hill,740055378
33842937J,Sherman,Gentzsch,0038 Algoma Crossing,965446672
92708573L,Vinny,Clench,346 Harper Trail,643431212
11863922X,Fritz,Ossulton,8499 Village Trail,985376408
79722596C,Wells,Hardway,0320 Riverside Trail,920273688
97683328A,Raquela,Prosch,63378 Mcbride Circle,985607658
96733950O,Nicolai,Dailey,828 Kenwood Center,759860063
46323398K,Sheilakathryn,Bolgar,9667 Bartillon Trail,671163269
40620928M,Tamara,Rawling,4 Bunting Point,640296880
41938686P,El,Chatain,4 Toban Terrace,954856812
65994735R,Geoffrey,Conring,713 Cherokee Place,987241141
16847092Q,Chase,Gadsby,82052 Homewood Pass,645227944
63822430C,Keven,Jaggar,304 American Ash Hill,775697762
15516888C,Collie,Chown,73639 Steensland Crossing,650042314
61130999E,Swen,Cabrer,5879 Thackeray Pass,768471523
18794025Q,Bartholomew,Alvin,3 8th Hill,684239869
44797170N,Erroll,Briar,90512 Messerschmidt Plaza,655050426
60055226Y,Kenneth,Deeble,3 Calypso Court,967765258
63161615U,Kerwin,Alsobrook,02539 Westend Court,900362391
28283665Q,Brigitta,Karlolak,7 Brentwood Terrace,681306896
73845300L,Marge,Jako,60311 Randy Street,965760707
93907119U,Gerda,Donkersley,39 Merrick Plaza,936240281
15070037H,Alika,Gostall,0 Loeprich Drive,790392859
42658560U,Amil,Macklam,52878 Vera Place,749733484
63529339C,Romy,McTurlough,11 Mallard Terrace,930406163
29581410Z,Dimitry,Ovize,72 Reindahl Circle,680967903
64052396M,Granny,Paybody,2825 Tomscot Place,750747237
89226214E,Chastity,Isoldi,52418 Kings Hill,652974405
09416983B,Brit,Lyard,1 Eastwood Alley,691983593
09138198P,Jocelin,Scoggin,5058 Kennedy Junction,914877431
30197302S,Rory,Bosquet,7 Kenwood Trail,999400690
72378281O,Bondie,Thorington,873 Autumn Leaf Terrace,990828893
20842929X,Logan,Towle,302 Truax Junction,974379757
49663622A,Shane,Kohlerman,75600 Oneill Junction,715918391
02483623L,Goran,Cock,29895 Anhalt Place,684714774
75196533A,Joly,Saffill,8 Eastwood Place,724317903
82274758W,Emlynne,Karran,8 Heath Lane,979313472
38603618N,Alley,Clara,63 Dennis Lane,744009975
11648831R,Frankie,Hasson,1 Dorton Terrace,674475603
10317075N,Mirabelle,Orteaux,88 Main Terrace,659853444
03051793D,Brena,Plester,79437 Carpenter Lane,975860999
67509286Y,Cherise,Huggill,47 Northport Alley,716141799
62254905E,Ringo,Jorck,35 Chive Hill,710676231
38786455S,Thomas,Dedam,7220 Hayes Pass,703938879
36411189N,Yale,Goodall,17357 Maryland Hill,630293487
33154045A,Serene,Bruhn,02 Menomonie Circle,748453541
49315428S,Mignonne,Netley,107 Debra Crossing,623080853
96204245K,Domingo,Dellenbroker,70938 Utah Avenue,717887420
59545821Z,Jewell,Hindenberger,902 Sunnyside Point,963678567
23995457F,Julissa,Munkton,6 Paget Point,775208118
83140202O,Kahlil,McLeoid,0419 Dottie Pass,637362265
22010178G,Camille,Sievewright,83 Karstens Circle,950813858
55092485E,Hedwiga,Hankins,14 Lawn Road,759817424
12322204T,Agnella,Farny,91643 Summerview Street,660344235
39979896I,Dewitt,Kenafaque,3196 Roth Parkway,687825566
32026506B,Torre,Gatehouse,6642 Barnett Terrace,774766222
79043849F,Conan,Render,9526 Barby Circle,797241552
00394205L,Erinna,Minguet,37 Continental Street,685504959
98613135D,Henryetta,Vasishchev,6417 Merry Plaza,671504370
61014558P,Auroora,Maunders,534 Parkside Circle,771829555
78019861N,Smitty,Teasdale-Markie,1532 Mcguire Pass,759426295
07320978Y,Jenelle,McGriffin,963 Myrtle Circle,685894661
58276812F,Margareta,Woodard,14989 Commercial Park,654638379
39798157O,Laure,Bolgar,2381 Hazelcrest Parkway,989242619
13450671H,Any,Denyer,92 Kingsford Hill,665121136
66801847N,Bridie,Petrushanko,76524 Continental Circle,939217785
32816041N,Reuben,Lapwood,49361 Glacier Hill Road,977744619
94783260R,Donnajean,de Guise,232 Rowland Plaza,713057577
94205741S,Godfree,Prate,6 Kinsman Parkway,982144595
41517623M,Arden,Delaprelle,08 Arizona Circle,910481149
89495218K,Dulcy,Fieldhouse,37 Arapahoe Drive,692002625
63646294L,Nolana,Croutear,24244 Monica Park,675948043
19895642M,Chryste,Tatershall,0 Haas Hill,789465694
18706367L,Hildy,Dickie,7 6th Place,623298575
59755994J,Davidson,Kimmince,4 Schiller Court,721410986
17712019E,Harris,Shanahan,0 Westport Plaza,950636362
31855322A,Nickey,Newrick,87403 Sloan Terrace,935376201
47032585E,Nefen,Chestney,63086 Sloan Way,786635317
03964418Z,Leon,Jane,350 Spohn Plaza,750908580
50069677K,Marice,Swiffen,523 Old Shore Terrace,609948124
91893553G,Reade,Robyns,164 Utah Crossing,644296219
63333251Q,Gale,Schachter,82125 Eggendart Park,906520749
61253438L,Kerry,Schoenleiter,9039 Stephen Point,617666071
75075081Y,Jill,Jobin,1852 Montana Crossing,730017046
22476643Q,Gerhard,Bartholomew,9 Fisk Plaza,663139286
40319389Z,Lebbie,Warland,3 Myrtle Hill,705603836
93412931B,Irvine,Kettlestringe,013 Walton Crossing,623037558
53234786O,Terrijo,Chatwin,4 Starling Drive,758877659
96647743D,Milty,Windham,0282 Reinke Way,773871627
56415835D,Milka,Ranken,573 Milwaukee Place,975897985
54632440G,Irvine,Ropartz,14823 Corry Crossing,775435992
77539687X,Rebeka,Hellicar,21 Blaine Crossing,999087213
54471684P,Ivy,Kunath,295 Vera Trail,761894606
25253558O,Donica,Thulborn,90512 Gulseth Hill,725259773
23888591H,Abie,Heims,17 Schlimgen Alley,753126583
14565372D,Shellysheldon,Foord,185 Loeprich Road,939600027
65342097O,Shandeigh,Brigham,33 Artisan Pass,949840722
03582778I,Hanni,Sowood,53219 Columbus Circle,760693635
08522033G,Niall,Casse,2796 American Plaza,754864441
75864799J,Binnie,Hasloch,71 Center Parkway,936843864
84270484K,Armstrong,McCarrison,239 Fairfield Road,987989721
93388028J,Jackqueline,Du Barry,91 Goodland Hill,668325230
52728709Q,Anna-maria,Hardware,3696 Manufacturers Center,984757494
20034508K,Nicola,Filippucci,7 Fordem Park,606203012
35312505U,Lettie,Prettyjohn,7 Waxwing Circle,663225863
99667226V,Malinda,Huby,7049 Delaware Court,643175845
06022242J,Sari,Maffia,79 Killdeer Plaza,781297405
59240881X,Tiffany,Redmain,4 Morning Place,798668921
06114486K,Conroy,Waylett,22 Corben Way,982914946
98727460J,Carlynne,Jirick,80 Daystar Hill,766505798
82491733E,Polly,Dron,8287 Spaight Center,780358753
64136955Z,Josi,Vanderson,644 Leroy Park,646604073
89860424I,Pearce,Cicci,194 Bowman Trail,691056321
01093682F,Kerrill,Couzens,68716 Buell Road,915473213
16819189V,Ingaborg,Binks,914 Comanche Lane,940005418
28258906B,Dulsea,McKelvie,02981 Elka Circle,961146099
20995391G,Eliot,Paddefield,10 Daystar Pass,979302232
39115223N,Golda,Bondar,6 Jana Park,948063212
47934157U,Hilary,Waddell,090 Marcy Circle,699758082
11560380I,Binnie,Legion,1 Old Gate Avenue,732863798
26670604O,Marlena,Silverson,11 Iowa Point,628740663
24192279X,Christyna,Avent,82879 Claremont Place,966102836
37770606S,Mohammed,Kahan,0635 Springs Road,698015339
84153342N,Nickolaus,Bargery,20 Hoard Pass,619852914
46715187Y,Ida,Macquire,44 Union Park,953812965
39543032V,Zebulen,Paolillo,0214 Miller Alley,776258313
60828992G,Jody,Keoghane,1389 Springview Pass,990417032
79804734C,Elaine,Mellsop,131 Granby Drive,703265337
45846430I,Gray,Puleston,29866 Lyons Lane,966724269
97833792U,Mallorie,Roggerone,346 Clove Drive,987351348
19453948U,Farah,Dillamore,277 Dennis Court,727180586
36944972Z,Eberhard,Figgures,6878 Service Court,953790135
65176913Y,Ilka,Toolan,84 Packers Circle,626619853
40415115C,Christin,Delhay,8287 Monica Terrace,797088647
42602774E,Ilise,Delf,1 Burning Wood Crossing,747129010
52551703X,Carree,Ginn,6 Ilene Point,695043082
92205301D,Dasi,Baudinet,276 Melody Court,602545521
18690452A,Stearne,Goulborne,64 Ryan Place,975486064
05342825M,Winnifred,Benettelli,41 Hermina Way,743525614
22041853R,Shannah,Townshend,74344 Schurz Junction,919572864
75010468X,Callida,Polglase,465 Karstens Terrace,663011670
40331054R,Marylinda,Chillingsworth,350 Northfield Junction,656282293
05950388V,Katina,Showell,0 Melody Junction,932393126
50237701K,Eloisa,Senecaux,69 Ridgeway Hill,770725547
44503282Q,Fred,Maud,7431 6th Place,909907597
46117251J,Rozelle,Leat,754 Hermina Place,918976630
52144243M,Dominica,Packer,7 Harper Street,798651386
14602840B,Flori,Sollom,341 Havey Junction,923764783
71167434E,Averell,Inett,9 Bunting Trail,667369873
05805926L,Flossy,Borham,7 Dawn Parkway,616664040
64984122W,Sandy,Churchard,0059 Buena Vista Pass,968094987
02519326A,Carlyle,Elsbury,7132 Susan Hill,614284542
14545369A,Birdie,Blazejewski,9 Shoshone Pass,604414713
12416758V,Editha,Woollin,705 Sommers Crossing,928073883
05453373Z,Kipp,Gilbertson,397 Summer Ridge Crossing,984620273
73033805N,Raul,Desquesnes,2 Kennedy Way,937571703
99308571G,Jeth,Vowels,2885 Bunting Park,729600510
66523048D,Dorella,Carvill,04 3rd Plaza,761283641
54572502N,Peggi,Kilbane,377 Randy Street,790116244
64583419C,Clare,Hebson,47992 Buena Vista Avenue,687916206
42634206M,Thorny,Balentyne,73 Del Mar Trail,942742793
47743857Q,Kordula,Woolsey,958 Ridgeway Park,601620752
71336739K,Latrena,Bugden,31 Spaight Court,989833719
84693404D,Farica,Trayling,2 Mandrake Park,705175880
55433984B,Mateo,Origin,81 Shoshone Parkway,942452382
66524033B,Dorolisa,Cowell,4 Fairview Alley,975295191
60369939W,Sonia,Billett,14 Anhalt Parkway,955996602
84275649L,Haslett,Tunaclift,21382 Maple Wood Road,777316638
58752063A,Pablo,Hagard,0244 Randy Plaza,964668735
30057260I,Missie,Piesing,13 Onsgard Road,993049312
30360100J,Elise,Huggard,03640 Golden Leaf Plaza,921136093
59186805F,Antonino,Fullerlove,44 Macpherson Court,776845117
19616288D,Tobiah,Francescuzzi,2793 Green Ridge Parkway,769083578
46091300D,Emylee,Barosch,26 Sage Court,913880743
64315746L,Melesa,Kebbell,82888 Beilfuss Way,684448599
39874648N,Humphrey,Zapater,05 Kingsford Drive,984007357
80961442I,Ingaberg,Scottrell,0 Towne Parkway,728963082
65129957T,Iormina,Gyrgorwicx,1163 Hayes Pass,646871020
27586762R,Edik,Abrehart,53449 Cardinal Hill,712840396
64344779V,Bendite,Mildner,7 Hazelcrest Drive,798828101
23446218W,Hewie,Ledger,98 Vermont Plaza,643315275
01825381X,Shaine,Hubatsch,49517 Jackson Pass,901484060
19924355M,Constantine,Boreland,88 Corry Pass,673109323
98731241M,Broddy,Matasov,95 Nelson Alley,796047344
80591041Y,Eugen,Swindles,30 Bowman Park,906374529
52834366X,Janka,Urpeth,482 Oak Place,995879796
14233181G,Adolphe,Thrasher,7 Randy Avenue,784979559
98250962F,Pippy,Shivlin,401 Eastwood Way,999735201
51798452E,Harli,Petriello,67703 Walton Crossing,789563725
07839609E,Cherilyn,Stockle,858 Randy Junction,795597433
08935129V,Cathrin,Dreigher,1330 Talisman Park,630527042
92597015E,Kathrine,Castles,33317 Kenwood Point,736825419
21585673P,Ellene,Boultwood,8 Kim Street,909482718
47311452K,Gillan,Greenaway,7 Judy Plaza,649274881
24378888F,Kane,McMaster,9428 Mifflin Way,666598977
37001668F,Charlot,Lere,28820 Holmberg Parkway,737838406
35427098W,Marmaduke,Greaterex,95 Anthes Way,779997891
92391248I,Abeu,Paprotny,574 Northfield Place,658954993
54930710T,Bari,Geare,343 Novick Hill,688609858
25380494F,Anallise,Kordova,5 Londonderry Parkway,943401723
20039498Q,Woodrow,Sclater,12203 Amoth Circle,627503247
34754051B,Umberto,Greg,41 Dakota Court,693321868
73194118B,Ashlin,Proudlock,45 Burning Wood Avenue,917191320
74464694N,Brok,Baudacci,983 Ryan Trail,650629553
69146193L,Fayina,Hearthfield,046 Maywood Road,714224104
44899275I,Gracie,Stallebrass,105 Commercial Junction,618147307
26067196Q,Janaye,Hordle,8814 Anhalt Alley,677180113
44955533U,Tito,Stansfield,8 Michigan Junction,949289941
07931512Q,Clovis,Hargey,56310 Autumn Leaf Point,762261337
54447901C,Shadow,Slaney,381 Fallview Alley,787907601
82882667J,Tracie,Falkous,60797 Buena Vista Road,906120896
91459634O,Ardella,Comiam,708 Rigney Road,685793069
37496022X,Alika,Quarry,4505 Bartillon Hill,772507143
81719924G,Ashlie,Awton,4565 Elmside Terrace,650155461
72245883Y,Caritta,Imlacke,2 Sullivan Crossing,644833421
57448436N,Tyrone,Antonich,914 Pleasure Crossing,741653139
58674264M,Antonella,Dubble,9427 Dakota Terrace,734396414
03722000B,Hillier,Crackett,48 Southridge Way,667629233
84240232D,Chrissie,Reaman,84892 Bluestem Place,964879394
02592563Y,Sterling,Egdal,61914 2nd Court,933430450
36076991L,Marlin,Adolphine,80001 Brickson Park Lane,978816407
04528293J,Elene,Delagnes,63083 Briar Crest Terrace,688990762
49541215J,Marleen,Alman,8767 Armistice Circle,625771722
17233952M,Nicolais,Wiggin,193 Mayer Pass,905288151
54420669L,Bertine,Burling,9726 Prentice Road,711840935
84289197F,Peri,Haggith,744 Anzinger Circle,629803532
65596532G,Haley,Bilsborrow,6521 Dawn Road,723541142
76739305L,Nico,Cutriss,2 Kim Crossing,944265209
53373431E,Barton,Corish,88 Laurel Street,696930342
01774176K,Ewen,Maypowder,616 Rieder Lane,740656596
81665167J,Burnaby,Labusquiere,16 6th Circle,700716265
74539314M,Alicia,Blacksland,641 John Wall Center,745941379
57288349M,Starr,Schulz,860 Harbort Hill,949686752
02581819L,Carlynne,Cranmer,2 Lakewood Drive,777689895
03134291O,Raviv,Cattanach,556 Coolidge Alley,963286584
19164147H,Doti,Naris,587 Ronald Regan Avenue,701713876
20651358V,Barnie,Gellett,83275 7th Court,656957411
13913297H,Heidie,Fladgate,657 Riverside Pass,607381723
24289531D,Kelly,Scherer,314 Brentwood Drive,910384764
27346088H,Base,Earngy,530 Maywood Hill,970900771
32033205W,Gwenore,Bachellier,2 Lakewood Terrace,955263558
32012873T,Nickey,Simao,6 Clove Alley,789078204
03075979H,Burlie,Daine,28 Goodland Road,949657858
12333406C,Anselm,Mateos,30 Melrose Terrace,772720468
15805483U,Jolie,Lown,8 Fremont Junction,728131747
45264956C,Marcello,Brimman,9305 Mendota Alley,687740519
18432358X,Vito,Palphramand,468 Surrey Place,941687850
65817708A,Hollis,Vanyutin,52 Heath Place,946326892
52556671I,Alyda,Gebhard,5 Center Hill,712047606
62098028G,Georgetta,Hanes,31689 Green Court,649828892
80890724H,Mayne,Carslake,254 Granby Alley,757708514
70893110R,Penny,Pawlyn,619 Fulton Circle,688007446
74392728X,Erda,Coulsen,40 Laurel Place,642028638
91190394N,Miguela,O'Carney,1 Hooker Junction,932037521
93259615W,Ignaz,Buggs,0796 Anderson Road,636123516
34934585B,Yves,D'Adda,0941 Doe Crossing Point,604469812
27203681S,Christy,Huckfield,501 Tennyson Street,719499471
34545045M,Andria,King,2714 Roxbury Plaza,605790563
16015662A,Ramonda,McGavin,503 Nevada Lane,733445441
83470846H,Homerus,Raffan,115 Forster Drive,995175737
64185503U,Dari,Ferronel,35795 Bluestem Trail,761889928
56856459Q,Stillman,Theis,18892 Sunfield Circle,961364057
69893346Z,Kore,O'Corren,7171 Butterfield Road,992522263
41482758A,Brooke,Dorning,131 Roxbury Place,612650559
07024837F,Harmonia,Borsnall,4698 Forster Pass,672519368
95567445Z,Barton,Heffernon,08486 Merrick Center,938317999
19921703V,Lurlene,Padbery,8 Eastwood Way,628182848
75716675K,Warde,Ybarra,655 Larry Way,725978780
21106175X,Griff,Hafner,1 Grasskamp Circle,753442939
51734888L,Margarette,Rennebach,18054 Carberry Center,981323857
51674965S,Filmore,Boner,6 Eggendart Street,722809790
92947506J,Tirrell,Keach,71124 Superior Crossing,622558535
12988718H,Aube,Gilchriest,6829 Village Green Way,924067305
73553401P,Crosby,Ronaldson,79 Menomonie Point,914881091
25522941W,Huntlee,Dyball,9621 Corben Hill,740648700
65428520U,Aileen,de Clerk,46 Nelson Lane,937726235
58182242Q,Fernando,Kiddle,1 Green Alley,681192382
60251213Y,Inger,Belliard,3055 Maywood Place,684535591
36090630N,Rodi,Munning,302 Springs Terrace,789902069
50722316G,Gaylene,Southward,23118 Meadow Vale Pass,699395246
55086823D,Randell,Rawdales,30346 Spenser Road,701703231
66903545N,Saudra,Anthiftle,2138 Sullivan Court,977256037
64988455F,Elsworth,Cattlow,9110 Ronald Regan Point,676157247
83214338B,Maressa,Sewill,28456 Jay Junction,756786127
79664513F,Uta,Denniston,95367 Talmadge Street,941188442
57893049Q,Kameko,Gudger,21 Mcbride Circle,958266845
95246256S,Nelie,Antonat,11511 Glendale Point,760680504
49027121E,Cullan,Ferrey,1876 North Junction,777547123
77946900L,Ignace,Baine,52 Killdeer Trail,961277997
61053170T,Nomi,Anthoney,1 Del Mar Trail,695715296
14735795H,Bunny,Howsden,33610 Golf View Junction,688112208
06156658R,Parsifal,McFadzean,7870 Mandrake Road,670920392
81421864K,Packston,de Chastelain,9646 Graceland Road,791856161
25884203L,Cristionna,Slyde,610 Butterfield Lane,956538928
11721793G,Dewain,Cosgreave,74 Upham Parkway,964308320
30824002H,Trenna,Capelle,7867 Eliot Court,628188703
47871969B,Dud,MacDermid,2 Oxford Parkway,773299407
88975102S,Agathe,Pepineaux,77894 Waubesa Point,759567532
87952272W,Chad,Duer,740 Toban Circle,957484282
89194297Y,Lynsey,Worsnop,4097 Buell Avenue,789925524
75960288V,Andreas,Lamboll,98814 Judy Park,789132815
97855775F,Rasia,Tomlins,63 Petterle Circle,967501548
03277325T,Leela,Dell,28637 Muir Parkway,628132257
75369693Z,Corabel,Jedrzejewsky,79 Harper Court,990279989
27315290N,Gilberte,Reichert,564 Surrey Hill,603685239
47296814O,Casey,Lingner,125 6th Center,900625243
93590564A,Sherie,Cristofalo,86344 Burrows Terrace,981218327
84033315H,Sandi,Traves,2 Independence Trail,779181909
48063876N,Bekki,Newbegin,80826 Moland Plaza,937928005
22697060B,Hunt,Kelsow,5652 Norway Maple Park,969701884
39808062E,Amy,Le Barr,3 Arizona Place,921959832
65800413B,Marcellina,Geary,91 Gerald Junction,738657024
55896119D,Ezekiel,Danilyuk,918 Donald Road,604629543
28515500H,Roseline,Lechelle,1 West Center,942129682
71390608H,Serge,Ferraresi,4567 Elmside Parkway,680510293
33769978V,Bellanca,Matveiko,236 Melrose Place,639482672
97445822L,Gretna,Carcass,61635 Schurz Pass,682151660
66934904A,Erhard,Linck,5 Sage Court,638877657
88386923W,Adan,Atthow,424 Westport Terrace,766007434
02556104T,Cornall,Kipling,79519 Merry Trail,757961773
02682291W,Lynsey,Nellen,5 Johnson Plaza,695463014
32036002H,Ariela,Widd,4453 Corben Avenue,919099113
63409383X,Romonda,Eliasen,165 Ohio Place,920945309
02955512B,Kristien,McCarlich,029 Golf Course Circle,792817804
39016803Z,Willyt,Poundsford,07 Pierstorff Center,618089139
69779215M,Glendon,Watters,30 Westport Court,653246397
28628659B,Merla,Fairpo,4491 Dottie Avenue,957711243
83402650S,Linell,Bellini,6258 Lindbergh Street,685489522
10449740X,Mechelle,Brosetti,8977 Fairview Pass,976033382
23484514K,Teddie,Harriot,7 Westerfield Terrace,730058377
84975267W,Marybeth,Valde,19 Southridge Alley,715843788
11761648F,Mortimer,Perryman,941 Little Fleur Street,760647590
14873913J,Peggy,Gooding,254 Cottonwood Circle,632671111
03318938N,Zacharie,Etridge,9 Gateway Point,996442770
55138660H,Etti,Farrer,4 Norway Maple Parkway,990116489
80036984H,Vick,Wimms,119 Bashford Plaza,954199521
20914070L,Terence,Simonitto,2236 Fremont Point,917993341
26060625P,Leopold,Standon,2 Columbus Pass,998610412
19177349M,Alano,Malafe,4 Namekagon Court,625092537
02506776V,Lissa,Fullager,530 Brown Point,608773171
82332940J,Candide,Jereatt,6 Dayton Drive,994283208
40170812F,Nathanael,Alibone,173 Havey Circle,944702709
71415224Q,Bengt,McVittie,01 Park Meadow Alley,753383236
10529670S,Becky,Gallop,341 Morning Park,742850494
83757961T,Veda,Colbourn,738 Rockefeller Park,611752750
87626105P,Lucila,Swatland,4811 Magdeline Street,730276290
51539830Q,Carmella,Suff,75404 Shelley Terrace,676180360
12920823Q,Minni,Curtiss,0836 Susan Parkway,923062803
31736236M,Dawna,Tithecote,4 Gulseth Circle,959790454
14752422B,Jobye,Harly,919 Green Center,920927887
27170380X,Dorian,Giorgi,5361 Old Gate Park,696602867
62248517W,Tamqrah,Hamlen,615 Atwood Terrace,922925651
69284899N,Athene,Pallin,69 Kenwood Lane,935140501
18450963E,Ortensia,Steggles,5 Loeprich Drive,735832263
08567267H,Crissy,Standon,1 Melvin Alley,932990353
28967285K,Breanne,Bebbell,05918 American Place,945030524
30115908M,Sanford,Eakens,52989 Banding Hill,994689897
59135848W,Nelia,Musker,44 Daystar Pass,736360242
43120291R,Lanette,Swiers,500 Harper Place,760537661
17879944A,Craggy,Lonsbrough,1995 Corscot Lane,986913094
05838911G,Oby,Emerson,58 Victoria Pass,691190118
80383085E,Lemuel,Petow,9 Oneill Park,983202080
56387914Z,Johnathan,Habden,7794 Blackbird Pass,608776217
41196326B,Dorrie,Gannaway,98 Ramsey Pass,776153828
53112921H,Malena,Claisse,901 Knutson Way,689492353
63339515G,Hyacinth,O'Halligan,1 Acker Pass,699223212
90242110F,Talbot,Cocker,792 Mifflin Crossing,933571633
02557374F,Murvyn,Curragh,1555 Merry Crossing,778232036
09452337U,Krissie,Brewerton,0189 Pond Place,921361528
94035637F,Silva,Scafe,229 Reinke Way,961656825
63979767S,Judye,Ethelstone,92370 Holmberg Way,956038893
86189317P,Lavinie,Trowell,128 Old Shore Alley,999329323
96604576F,Elisabeth,Garshore,4 Havey Point,654504586
03188681N,Romain,Meagher,1 Hoard Trail,936061992
61741794O,Rolando,Lambal,0532 Buell Street,699599147
34780680P,Sidney,Fevier,6 Aberg Plaza,610924294
91157862S,Avrit,Escolme,5 Columbus Court,600780081
47895118L,Ivory,Backshell,48 Fairview Court,670636887
90128419M,Dominique,Nossent,602 Michigan Plaza,954745169
60949921K,Thom,Langstrath,4 5th Circle,670203563
93800436L,Lita,Bover,8 Crownhardt Road,986056351
21649672I,Retha,Keith,92881 Graedel Crossing,991591224
53691468Y,Guthrie,Whiteoak,308 Ludington Point,604295102
86155434E,Kevyn,Kilfether,4378 Schurz Trail,630004457
01287334W,Belicia,Beckitt,66 Del Mar Court,934851435
99277352K,Dulciana,Grandisson,90823 Golf Course Point,717760367
54917394P,Ophelia,Boost,2106 Riverside Trail,640007763
41655449K,Ryon,Redier,4 Crowley Center,629745295
84567613H,Teodor,Nevet,796 Warner Alley,778430719
09040706R,Hendrika,Clemenzi,2 Harbort Junction,960545758
32390137B,Baxter,Dallimore,8 Laurel Road,764155521
81359872J,Traver,Waber,3399 Pepper Wood Drive,719016669
49229447A,Sallyanne,Wohlers,715 Sachs Point,607851980
97535569G,Vivianne,Duchesne,3 Pennsylvania Place,712098333
71244845P,Jordan,Westoff,81 Wayridge Circle,664944688
60262568R,Brade,Folder,4 Holmberg Plaza,978260992
17201075Y,Eva,Jozsika,6 Hudson Park,763343589
35720775M,Glory,Dudney,4909 Lindbergh Way,682491689
78749663N,Elisabet,Harold,6 Garrison Plaza,655616250
05840740Y,Kameko,Kerwood,96233 Pierstorff Road,653398280
07508061J,Harvey,Abreheart,9 Rockefeller Park,716988451
64984124F,Eric,Boughton,0801 Doe Crossing Junction,656991042
06402204R,Amie,Segges,5037 Warbler Point,988155032
94702124I,Bradly,Halm,79 Swallow Junction,997765045
26255779F,Marsha,Rennix,8139 Algoma Crossing,998165498
14502962L,Falkner,Gabala,4 Larry Center,996693556
03768414Q,Kaitlyn,O'Geneay,670 Prentice Drive,966562128
32284421Y,Merle,Fockes,0938 Clyde Gallagher Point,991816721
30890645F,Garrett,Smail,18 Petterle Point,943234529
02448318X,Ines,Wallington,95 Golden Leaf Place,790919493
83220490C,Knox,Newgrosh,562 Sugar Crossing,948536728
43229813D,Coop,Matas,860 Barby Circle,988763597
72810790E,Nathaniel,Lauks,92852 Village Avenue,608696558
12741892F,Palmer,Duck,96234 Ridgeview Alley,909253045
09663644P,Shirley,Stephen,453 Elgar Junction,908139873
52984220Z,Marika,Vernham,1 Summit Pass,989169127
70348631A,Lindi,Pyrah,2429 Westport Alley,972093505
79800062Y,Hobie,Kase,9830 Sunfield Point,677427548
38940628Z,Marne,Crowden,1 Hudson Drive,638424896
36330445H,Stormy,Torald,0 Michigan Place,946156782
74801497W,Mala,Sibary,19 Gina Crossing,973081486
66700315X,Reynard,Hardwidge,5175 Warbler Park,948023716
21663733Y,Cherilyn,Baillie,3238 Quincy Hill,982824855
86752746G,Millard,Oager,49885 Ridgeview Street,770162773
51956218D,Bambi,Southey,24 Pawling Street,714120274
37501410C,Laurie,Troillet,3 Heffernan Center,729951893
35173845B,Joyce,Tuttiett,1 Meadow Ridge Terrace,764649477
04957928Z,Blithe,Sulman,017 Havey Trail,772552458
45284508B,Joyous,Rooksby,2382 Arkansas Avenue,654720630
37415905Q,Gretchen,Bramsen,90404 Graceland Place,723003990
60057661M,Steward,Feldmann,89 Porter Street,998054402
50019637P,Tamarah,Sayburn,66 Katie Avenue,713472534
23758045P,Molli,Michelle,503 American Point,768536391
26603745R,Valaria,Pedder,00 Old Gate Road,630775160
38522356F,Adelle,Orniz,79 Duke Drive,726785642
16337798J,Paulita,Schole,64 Jenna Junction,928093805
23964470J,Brooke,Ohanessian,09 Lerdahl Alley,753652091
14235459J,Nanni,Poston,070 Westridge Park,906216542
31822081K,Nikita,Diplock,3283 Hudson Crossing,749647890
35033889L,Deedee,Summerscales,72652 Monterey Parkway,608840789
23063989I,Kelsey,Sawtell,7159 Towne Plaza,993835761
79452526L,Jewell,Claridge,1 Dahle Lane,714949492
47162016N,Gerald,Dunston,82 Meadow Vale Court,996495536
26534824A,Devin,Thirwell,47009 Caliangt Court,973113616
80858921R,Benedikta,Darington,3 Mcguire Alley,691261061
47447880D,Dolli,Castagno,7 Browning Junction,656524360
44572059T,Hilary,Stinson,8915 Summer Ridge Junction,798388678
48526352U,Adina,Lys,91938 Bartillon Drive,744585802
84341612O,Zachary,Ovise,86 Red Cloud Hill,694492843
56342491K,Lauren,Readings,70 Kipling Center,968444275
48802856O,Jeffy,O'Neil,88059 Helena Drive,991574081
07277680J,Hana,Groom,658 Northridge Terrace,786976846
39646336N,Raphael,Dalrymple,73 Cordelia Hill,714957123
81709761O,Philis,Ephgrave,3 Swallow Parkway,992794767
56001549Z,Yardley,Pharrow,9 Orin Terrace,688911594
46787101V,Izaak,Ramelot,00605 Graedel Place,719150776
97091105S,Benny,Kharchinski,0 Melody Point,732553705
34247305H,Gaspard,McGillacoell,68156 Drewry Avenue,630508486
55145955E,Danna,Jatczak,4174 Arrowood Park,624267764
16700981A,Monti,O'Keefe,99509 Mendota Avenue,785613644
90194967N,Judas,Erricker,0 Butternut Center,918819640
00745446W,Carey,Elverstone,58126 Messerschmidt Street,795622831
42485920R,Heinrick,Scading,9131 Duke Place,686485131
38601465D,Chrissy,Chafer,47396 Fallview Junction,780173992
61932028H,Devy,Danko,3 Florence Street,663786864
39687049R,Onfroi,Docksey,41038 Monument Court,936427565
68032900Z,Malachi,holmes,32 Warner Point,984311400
77607908Y,Leone,Sidaway,7 Claremont Place,683186441
42127372O,Joy,Gaye,97 Fallview Way,647032931
27821881B,Ora,Fancott,8 Kenwood Park,621114805
66175501R,Hurlee,Gibke,2112 Prairieview Point,696304784
18647193I,Maurie,Metzke,8 Wayridge Center,934294920
45882727E,Cesare,Crayden,4187 Butternut Place,750397162
51967110Q,Wallie,Keenlayside,4981 Superior Street,989621847
03494565E,Lisette,Penketh,7 Kedzie Court,795912211
25291533I,Rocky,Huggons,62 Burrows Junction,619000520
13665864Q,Jany,Pfeuffer,299 Tennyson Junction,697347740
33809951I,Susan,Odell,9 Esch Place,665842066
46919380B,Matilda,Wolver,3921 Rockefeller Parkway,602326876
82520156C,Janine,Wackett,0861 Helena Circle,636173756
82457688O,Adan,Altofts,5 Elgar Avenue,970920273
57517231N,Pattin,Keningham,72486 Iowa Place,751321601
69074963I,Thaine,Toupe,60836 Basil Place,767702296
14372958O,Elberta,Justis,4 Manufacturers Junction,796226930
08633008G,Dunn,Cradoc,445 Lakeland Road,972431989
25596793L,Baldwin,Shewery,77 Fallview Drive,915788402
90023254G,Agnese,Yair,42 Bultman Center,771987552
29559646I,Homerus,Covey,017 Forest Park,631837761
79409501R,Anthiathia,Fouldes,126 Darwin Hill,954647999
52093098P,Georg,Tuddenham,282 Dexter Terrace,675769287
88877349C,Willie,Nangle,83 Eastwood Court,600124728
69853140P,Elmore,Stendell,4051 Washington Terrace,752493348
44817130X,Anabal,Cammidge,2728 Hoepker Crossing,710722731
16484601Q,Dionis,Rolston,1 Randy Lane,974626036
71783358Q,Lowell,Zavittieri,1130 Express Junction,922092105
99878156U,Pearle,Royden,44089 Dryden Terrace,629758057
53225374K,Therine,Adshad,74261 Little Fleur Avenue,657975481
08194214P,Rhody,Van der Spohr,74 Jana Court,718134787
03631031Z,Kayle,Marquese,10355 Marquette Trail,764392428
06364567H,Orland,O'Connolly,849 Lotheville Point,787391022
41129082U,Killie,Yellowlee,35 Continental Lane,701948594
72255106B,Danielle,Hamshaw,11694 Lillian Court,641980926
99130339Q,Kelsey,Patey,447 John Wall Avenue,965576828
66348469S,Kala,Leather,3 Ruskin Drive,670759590
26608704O,Nate,Ipplett,893 Beilfuss Avenue,715952896
38644749C,Liesa,Shackle,9 Bartillon Crossing,705081568
00571516V,Jackqueline,Capstack,819 Memorial Junction,734502792
13967292A,Alf,Steels,549 Mandrake Terrace,613456439
96479959A,Lila,Artinstall,0712 Hollow Ridge Center,653963019
91991612N,Kendre,Korfmann,3 Fairview Circle,752751673
47046297O,Clyde,Ruecastle,4459 Monument Center,798239112
98970091N,Lottie,Holdworth,91 Cottonwood Point,771108305
11188760F,Osbourn,Spenclay,109 Old Gate Trail,645068834
74301886U,Artemis,Smorfit,4 Canary Street,640939812
70559280E,Muire,Stealey,7 Maple Alley,923888264
12867006Y,Milena,Hillaby,1 Bunting Center,609884292
81745278S,Nolly,Guiver,37283 Arkansas Lane,993073397
34908806N,Britni,Klejna,9 Kropf Center,948572960
26832854M,Xylia,Wilce,15236 Merrick Way,725895422
26146674W,Marnie,Clineck,8881 Coolidge Center,900361863
89742149O,Hewet,Infante,2 Debra Junction,687388236
53354186R,Inglis,Potier,27 Leroy Center,695183254
68501526U,Janeen,Mulqueen,9309 Division Plaza,768100289
25735077V,Kaela,Smalman,8 Upham Junction,673784277
77559675Y,Jesselyn,Martyntsev,6657 Del Mar Lane,634506112
00107555R,Nanon,Donoher,11103 Hanson Road,707134422
21998671H,Rachele,Scaysbrook,60530 Center Circle,907629483
74162803A,Dorthy,Knottley,15 Muir Center,696882842
95520324T,Grace,Parkinson,8081 Lawn Terrace,710676108
35995362S,Modesty,Alwood,57 Loomis Avenue,691306190
99482284T,Vaclav,Lardnar,5103 Grover Way,600204189
96249542M,Arleen,Forgan,9099 Graedel Parkway,655116838
03727049Y,Vally,Rangell,4 Westerfield Street,910353842
79530070X,Wolfgang,Demcak,4 High Crossing Crossing,679007679
99213115A,Eleonore,Boddis,2 Darwin Avenue,710651652
44945184P,Giavani,Rewcassell,26894 Boyd Lane,671525777
73352442T,Quinn,Gane,3 Iowa Plaza,919425027
43490176W,Ronica,Salkeld,82375 Eggendart Parkway,658714099
96494818S,Tracy,Loos,33927 Tennyson Point,958250378
20814915P,Joly,Geere,03939 Holy Cross Pass,982517296
67579934V,Jessy,Levens,645 Transport Street,743065279
32348877M,Rick,Glandfield,8 Shelley Drive,789896016
82702397S,Fiorenze,Pendleberry,87899 Green Ridge Alley,647397875
64145858G,Allx,McGowing,14 Schlimgen Trail,657517987
44271142G,Pamelina,Edlyn,91702 Mitchell Drive,682703605
61902065J,Archie,Maciunas,72 Upham Junction,627038278
06872366T,Hubert,Carlens,8615 Raven Terrace,919141586
31024781B,Patrizius,Woollard,3 Del Mar Way,609611875
27512625Z,Kalie,Sanbrooke,75784 Macpherson Center,725497053
04204812H,Osgood,Copland,44573 Bunker Hill Park,787650987
22813917W,Pepi,McGarrity,5547 Waxwing Street,738670479
29074816N,Astrix,Hayhoe,66699 Harbort Junction,725629364
33077364F,Gawen,Simic,807 Basil Parkway,757897407
20373675U,Kirsteni,Cromarty,72 Pleasure Parkway,962939034
80494762F,Elston,Fallow,448 Northridge Drive,717914210
20272359Q,Tamra,Bakewell,6 Kings Circle,779172611
64275981X,Vinny,Paxeford,1 Armistice Park,935986179
89396064J,Blakeley,Hallwell,96 Homewood Way,652153782
07775798J,Janis,Klaussen,77787 Leroy Terrace,656448519
25565880B,Hadley,Villalta,9 Clarendon Parkway,616655734
24498569I,Pebrook,Medcalf,042 Schiller Way,697542777
48121589S,Patty,Gowrie,50 Coolidge Crossing,974711793
88213680H,Kalila,Beinisch,9 Walton Crossing,617838175
72087578U,Angelica,Gerrelts,86185 Ludington Trail,699531526
63637988D,Maximo,Ritmeyer,700 Jana Parkway,703560620
42736330H,Oby,Goforth,66 Sheridan Parkway,604304507
55285749B,Ardys,Bertie,6904 Delladonna Trail,614937045
29387774F,Gavin,Trevett,9668 Oxford Junction,751099247
33588411K,Doe,Dwane,7 Tennyson Drive,654153713
37931175F,Erny,Danford,94012 Monica Crossing,946626590
80098984C,Nady,Hamnett,845 Ridgeway Place,710194502
88034559A,Ludvig,Collard,5 Bowman Pass,676569567
48302457H,Scarlet,Fansy,64 7th Hill,640338988
87197381O,Alta,Sharer,4 Nevada Alley,733306319
94137816A,Jerry,Marcam,9014 Nevada Crossing,922723398
73854695R,Claudell,Pudney,62 Corry Street,792918645
44922176A,Gun,Blesli,25840 Hermina Parkway,927976882
45920476J,Isis,Carwithim,391 Rutledge Circle,921166418
21137292H,Bobine,Dineen,7 Elka Lane,702634473
04477565S,Amity,Pear,3 Oxford Crossing,729056389
01468978K,Danice,Harris,7 Main Street,906433353
59995068I,Simeon,Martinet,87 Union Avenue,658527748
91048891H,Joe,Aspital,66597 Miller Street,931553556
56994229H,Saul,Hannay,48 Jenna Street,695578632
25559386Z,Annnora,Phillipp,1045 Pleasure Parkway,928971594
17938039X,Danice,Canny,71 Beilfuss Parkway,751378508
71098896P,Gianni,Batts,21 Stang Parkway,613677824
25512674E,Wyatan,Mufford,487 Prentice Alley,777860835
59192818Z,Lorne,Sparhawk,2 Esch Crossing,916003175
97033022F,Cleopatra,Manners,2872 Forster Circle,688900828
38520252G,Katha,MacMychem,5923 Sutherland Way,763663039
43467725D,Thaine,Sabie,42791 Glendale Junction,714949431
50984609D,Darsey,Deal,3263 Fairfield Point,961033402
78277187X,Serena,Churchley,87702 Eagle Crest Terrace,928341294
65343719S,Odella,Durtnall,54 Golf Hill,665231391
66626655U,Alic,Petrecz,97 7th Avenue,781351727
90564942N,Cathlene,Masser,4 Independence Pass,795706213
95112732S,Fin,Ainley,729 Havey Circle,686759034
91970172D,Maddie,Aps,904 Atwood Lane,649096427
21329093H,Mitchell,Wraight,25 Pond Center,733130089
19644507P,Shem,Harriman,90162 Marcy Circle,773741497
86619981Y,Giulio,Fursey,65870 Dapin Way,601953213
29469874N,Ban,Muehle,49999 Autumn Leaf Parkway,979137058
67811802F,Morgana,Cardero,43 Arapahoe Avenue,915070269
97919486D,Germana,Dallimore,0344 Everett Court,692465272
25846173Y,Ebonee,Cheyne,29 Warbler Avenue,972623068
69845805N,Leigha,Rockcliff,3 Bellgrove Terrace,914194117
58453710R,Hakim,Binnell,5738 Killdeer Road,792934712
05712499W,Frederigo,MacRanald,867 Goodland Junction,655773377
73195887K,Sonny,Jaffrey,1392 Park Meadow Terrace,702027951
56251100J,Alexis,Gauche,8874 2nd Junction,722265444
70205132B,Ginevra,Ledur,47701 Harper Trail,939195962
61457330I,Davide,Yorkston,90 Hoffman Circle,655673399
09150242V,Myrtle,Freke,9220 Myrtle Avenue,773785357
13337221J,Abbye,Jirusek,6546 Butternut Crossing,755405554
01388060N,Rebecca,Sissens,9787 Warrior Pass,620318819
27910415J,Ermanno,Rooke,8799 Pierstorff Plaza,660227098
31858072I,Wenonah,Nother,0 Jana Alley,792992505
04105885V,Dalli,Balazs,05 Green Ridge Road,651974754
08809516S,Rebekah,Walles,885 Green Parkway,751101005
38154070Z,Putnam,Dain,1 7th Parkway,620220167
14858876R,Saundra,Dolden,5052 Doe Crossing Parkway,618528746
35283201D,Wildon,Selland,420 Surrey Center,977172670
78574749O,Hannis,Farish,3671 Dahle Place,942227297
92901952S,Vinson,Malek,179 Golf Alley,945981159
59751812G,Guglielma,Elverston,2953 Granby Terrace,640361971
29645878M,Trueman,Bedlington,08 Forest Dale Point,731335025
62466521K,Stanleigh,Swannack,409 Drewry Plaza,752962905
28197517Z,Jasmina,MacGinney,13099 Larry Junction,767517330
52861648I,Ulrikaumeko,Beckford,93542 East Point,957658703
90714660Z,Aile,Fennell,241 Longview Center,719680424
86639192R,Tamqrah,Axelbee,30 Eggendart Junction,951363286
92504336S,Ford,Chaytor,36 Brickson Park Trail,670531029
87352889H,Sanford,Mertin,32 Meadow Ridge Hill,665478701
77492746J,Lianne,Delmage,70955 Corscot Alley,905473386
85522180W,Tiffanie,Gouley,8 Grayhawk Circle,682165416
49859422Y,Sutherlan,Flieg,2788 Granby Hill,653559510
68650476V,Trevor,Kinch,78484 Fallview Terrace,601904121
39254060O,Alanna,Pittle,869 Evergreen Crossing,954377646
25087893F,Zandra,Franzel,90 Sunnyside Alley,640564673
88882522B,Marion,Wraxall,1 Bobwhite Parkway,602698459
25681991I,Heindrick,Prati,7 Butternut Alley,663003017
07294116U,Karyl,Delafoy,001 Rockefeller Hill,969392257
38978555V,Gardiner,Trimmell,20423 Harper Park,697301918
94528468U,Almira,Greenhaugh,2815 Lake View Circle,903178585
49428695M,Sayers,Lynch,3725 Alpine Lane,624412025
55189013A,Cletis,Oleksinski,13683 Mayfield Lane,986371643
40274125E,Margie,Wilds,323 Nancy Point,979724364
21459680D,Coletta,Shovell,9 Cascade Lane,712047788
93040428G,Pippa,Ganley,7 Burning Wood Crossing,615780053
60466674H,Micky,Llopis,1 Luster Terrace,775256328
11490490O,Adriena,Bixley,003 Monterey Terrace,687866536
21244295I,Cindy,Pitkaithly,32941 Maple Place,982719853
64260510U,Wanids,Rehm,35 Garrison Drive,970125978
09188093X,Roderigo,Iannelli,0 Mallory Point,957882190
19384003X,Griz,Gooders,3 Hollow Ridge Alley,628322464
80818010C,Cecilia,Richardet,77 Gerald Way,992608808
08406998O,Karry,Ewins,400 Muir Hill,637925187
92863278T,Wilow,Huggons,553 Spenser Court,931445637
04029079S,Rhiamon,Belhome,718 Heath Junction,726341688
85855531W,Melosa,Rookwell,297 Little Fleur Pass,739698473
79177533L,Page,Cassey,834 Crowley Junction,774539371
64777084L,Gus,Crosfeld,2997 Glendale Trail,645212572
07775160V,Dolorita,Freund,23420 Northfield Avenue,743924795
42463669W,Roselle,Manion,1 Artisan Trail,719255578
28708211J,Artemus,Donnison,53391 John Wall Park,641727139
20547952E,Moll,Dewicke,7250 Corscot Park,955434190
94624035B,Livvie,Burnham,396 Sycamore Road,709219511
86232077N,Adler,Stegel,51 Butternut Street,753081316
73189974L,Gaylord,Jones,096 Cody Lane,749830948
23930528O,Hart,Hintzer,952 Clyde Gallagher Park,645908044
29422070I,Juliette,Mynard,79 Eagle Crest Hill,947920614
25065964M,Noble,Raiston,36781 Green Way,948166329
19752911L,Vicky,Else,6545 Northfield Plaza,728008699
04247587N,Spence,Blaylock,2956 Knutson Crossing,903106279
56548409B,Barney,Girardin,13631 Merry Hill,774940662
55206393V,Boony,Loyd,48 Becker Alley,769589189
10164698E,Shanda,Noke,00 Rieder Drive,658165856
25161395W,Rooney,Sewart,235 Porter Hill,682541419
29544110K,Urbanus,Tilte,57 Maryland Point,600109562
75934049Z,Elysee,Mongain,11 Meadow Vale Lane,680819338
51200178N,Harwell,Odger,194 Monica Place,727176897
29290632T,Cleveland,Horney,3733 Emmet Way,625229273
06376027K,Pauli,Akrigg,20843 Fisk Hill,642698479
38696409I,Ced,Tarbet,38 Mesta Place,615690779
95968051C,Keeley,Vasilyevski,00097 Ruskin Point,711482312
50037287K,Carmina,Sousa,71 Boyd Way,659792461
15339281M,Suzy,Kingescot,5670 Holmberg Parkway,925512779
07562620L,Eve,Jaggers,195 Village Green Trail,711186748
79297141K,Marga,Llewellin,00 Union Crossing,780377400
99642165I,Fayre,Proback,49276 Tennyson Road,679008632
58446658J,Robby,Davidson,34266 Grasskamp Lane,705670789
88612056T,Brockie,Bandy,11810 Sloan Avenue,960684413
46486890W,Minna,Overill,36419 Bluejay Alley,765441405
63103183I,Birdie,Downton,54 Melrose Drive,624549336
40982086O,Stanislaw,Blazewicz,18 Anthes Parkway,980500932
31041989N,Leland,Scarbarrow,0 Packers Way,675700958
08884121F,Arin,Klich,3429 Paget Park,907115023
28488191U,Codee,Antoniazzi,87439 Ludington Point,971550809
32299897F,Dill,Yurin,525 Canary Drive,698470915
43120420A,Den,Bradmore,3218 Green Junction,929625616
11163547S,Neal,Rounsefull,4160 Memorial Terrace,742903243
44428062X,Perle,Bellingham,77 1st Plaza,671155031
00482457S,Vanna,Sinderland,93 Fair Oaks Street,663732667
44761081G,Nikki,Callicott,70062 Elgar Point,968202875
74960724U,Christos,Bearblock,827 Main Center,757483924
00553840O,Merilyn,Dawidowicz,3045 Jackson Circle,623271329
15601912Q,Marysa,Fader,01726 Schiller Point,908543906
09491341D,Maximo,Keenor,92794 Surrey Plaza,632770390
91483539B,Martainn,Ironmonger,96 Washington Park,719963740
82175481Y,Damien,Tunnah,78024 Dorton Hill,709557166
74614013G,Kellyann,Denniss,2 Manitowish Park,971133842
69716221H,Aarika,Tuxwell,7 Ridgeway Circle,974159969
78977452V,Karee,Garralts,3 Fair Oaks Street,926530287
95380252X,Xever,Wearne,224 Fieldstone Road,941243718
79972342P,Arlena,Kiljan,52 Quincy Way,769491557
54742846A,Batsheva,Cushion,6110 Gale Place,978720757
37050115E,Effie,Vincent,88018 Grim Terrace,786285149
12768712U,Albrecht,Tharme,4839 Ilene Road,969951715
76532429A,Marcellina,Douse,20434 Sundown Lane,974875803
45042369O,Feliks,Harfleet,38 Ludington Avenue,918080546
84643331A,Cullin,Fradgley,5994 Lotheville Road,670075172
89695504T,Lavinie,Sindle,1683 Duke Center,645468916
72384052I,Richmond,Elby,9 Straubel Street,637645188
32679547V,Shelagh,Youel,314 Mcguire Way,734570217
15695642H,Bernardine,Boorn,7559 Marcy Place,757532486
25707134R,Gustav,Matyasik,4 Nelson Avenue,727550989
96940130J,Agathe,Sackett,587 Canary Street,654059763
48754544K,Herbert,Fellos,493 Alpine Point,940120415
44844285D,Katherina,Masseo,285 Veith Parkway,621713628
68038484X,Waylin,Tabard,6 Macpherson Trail,915785476
61338603X,Maison,Kuzemka,10593 Del Mar Circle,797931538
02228461Z,Marnie,Wager,24547 Erie Alley,920464512
74300942Y,Lorry,Giveen,9 Rieder Avenue,732741251
65866809Y,Stephannie,Carmo,7762 Sheridan Park,733771357
82396584R,Lothario,Wasselin,641 Stoughton Lane,726315293
09112780Q,Neely,Gurley,4 Spohn Avenue,748136951
55092225K,Letizia,Jobbins,52948 Elgar Circle,696930611
92332276T,Miner,Jerrome,9698 Utah Street,679350728
44224368C,Allegra,Ingraham,53 Main Park,780158711
71700959A,Selle,Mitchely,0830 Northview Court,774105182
13113918A,Saunder,Truter,51 Sundown Center,904426354
27640174Y,Brodie,Hayes,25582 Acker Crossing,709121721
81175680N,Happy,Currum,6307 Lerdahl Circle,681653588
23600941K,Ulla,Prahl,2 Buell Lane,668704293
14687969K,Benny,Myles,23 Marcy Parkway,686687215
25867946Y,Giordano,Caldaro,49850 Riverside Pass,794520253
18209271V,Lenka,Klimsch,6 Hintze Park,685054621
35328312P,Myrna,Murgatroyd,4884 Mallard Plaza,642514617
72905541N,Rad,Lusher,9791 Blackbird Alley,611678433
93210060E,Stanfield,Hawksworth,4552 Cherokee Place,768571901
17428815Q,Ann-marie,Bhar,3 Lakewood Drive,793064425
28150214J,Edward,Kroll,84724 Colorado Center,981471202
72103970X,Mommy,Wholesworth,27993 Lukken Parkway,769267805
55624722S,Roshelle,Hullock,55 Straubel Alley,707711050
69896630W,Louie,Martignon,6 Westridge Lane,746333596
07834613H,Uriah,Phlipon,965 Cody Center,689877411
00401233K,Juan,Blodget,7264 Marcy Court,738857451
60247356G,Adelheid,Nettles,452 Melby Hill,619436206
78343578G,Hector,Pavie,0880 Morrow Terrace,675670945
03061675J,Elvin,Peres,11 Shelley Lane,725519336
60376697O,Georgeta,Wilford,7237 Brentwood Court,651652803
22905248M,Sunshine,Norcott,4 Erie Place,791745250
87775197W,Bartel,Husby,01944 Pine View Court,787834693
29607547F,Amye,O'Lenechan,9 Longview Road,916525625
34483220J,Philly,Lovekin,53 Daystar Road,687760706
30959642J,Emyle,Vasilevich,48 Kenwood Alley,989543890
20601511Z,Nichol,Soper,44548 Southridge Trail,651140393
45191932H,Cheri,Serraillier,686 Clemons Way,989549115
87427655W,Floyd,Laimable,53428 Boyd Trail,614358254
73657645K,Van,Clissett,9362 Mendota Terrace,714689648
30881512M,Agosto,Thom,6434 High Crossing Street,710913275
29536968T,Cello,Colicot,92392 Blue Bill Park Center,600534697
01310503P,Shanan,Basten,52643 Sloan Parkway,963952894
61000353Q,Bertrando,Stote,4578 Transport Avenue,681023519
43865662M,Melisa,Mulheron,15 Autumn Leaf Crossing,994829266
99229832Q,Ellette,Hotton,1701 Roth Place,982871987
91525109A,Brock,Duligall,3224 Buell Park,692344558
75086566Y,Maribel,Avory,37 Canary Road,604035287
57652035B,Nathanil,Campagne,185 Erie Pass,692506574
36330799T,Mallissa,Shipley,245 Old Shore Junction,911652899
60531067I,Olin,Adamowitz,7 Scoville Road,668922417
98193514O,Jessi,Ojeda,082 Oak Valley Center,637134322
43919209C,Ferdie,Scandwright,16 Merchant Road,957482867
23949994B,Mort,Campe,59263 Eliot Court,629520577
49408780B,Judon,Mibourne,465 Lerdahl Alley,949884968
47419717K,Kylila,Kynman,4614 Wayridge Court,958650993
45799325N,Buckie,Allen,32 Del Sol Place,770430389
08583966D,Tedie,Pentland,059 Chive Trail,679819854
43826306K,Georgiana,Oldroyde,768 Sundown Pass,955425145
63763997N,Jamill,Faughny,6 Mcbride Lane,921725745
19845226G,Maure,Chavez,1112 Almo Way,747450323
39752283I,Bethena,Stitt,0 Luster Lane,602432045
17084887R,Britteny,Abbes,157 Little Fleur Center,799517092
10491976U,Penny,Poxton,61734 Russell Trail,986073908
69342959F,Livvie,Bussel,73970 Cordelia Trail,787080577
47095517B,Garner,Marling,82913 Aberg Lane,670420231
58556309W,Carlene,Wooderson,55 Anniversary Junction,693646436
45174765T,Chelsy,Collum,152 Miller Hill,927276851
55363650Q,Virgie,Adney,523 Rigney Point,939095860
60318765Q,Bryn,Grewes,799 Thompson Drive,676196539
90094588V,Leon,Feore,733 Pawling Court,621779836
50928965X,Meridel,Van Arsdall,37400 Harper Alley,760779257
38683733L,Aymer,Cowp,6519 Corry Crossing,959902189
49512586M,Dex,Poinsett,64 Maple Terrace,953303121
40963900X,Luther,Wordington,02588 Atwood Trail,769200697
86408758S,Gratiana,Jessopp,58583 Loftsgordon Pass,798808915
66497548U,Lars,Catlow,57 Doe Crossing Drive,653188219
40204948Q,Agustin,Tennewell,2503 East Way,680627056
47090321B,Joyan,Maud,867 Pleasure Hill,601885301
39279376Y,Alane,McComas,0744 Leroy Center,974547137
95375428B,Benoit,Lovstrom,108 Bay Drive,921474931
02726971E,Egon,Sterman,0 Green Road,707919330
71966784Y,Cheston,Stolting,2 Susan Street,775367495
38860626T,Wilmer,Leber,0223 Troy Center,926641993
39219715C,Brnaba,Dumbleton,070 Lukken Place,790214960
88774942T,Olivero,Raise,5 Farragut Drive,624555265
94119385T,Haze,Pacitti,57 Hoard Point,919233730
19146331F,Maiga,Lucken,52 Artisan Drive,611274948
88313375Y,Joyous,Berni,50468 Carberry Hill,681506374
93689808U,Percy,Tzuker,479 Leroy Hill,998435810
08728623S,Clerissa,Fleetham,85 Lukken Crossing,936575784
04358108Q,Maisey,Scawen,7732 Johnson Parkway,932990244
66380304Q,Cale,Mooreed,6 Magdeline Park,607624450
19551566N,Jo-ann,Brierly,30790 Weeping Birch Avenue,789746289
49040034W,Libbie,Curryer,242 Towne Hill,746221562
73743493L,Madelina,Denmead,58 Lighthouse Bay Parkway,774089758
60357475J,Flore,Colrein,7429 Holmberg Drive,682432113
47044134Q,Gerik,Leppard,1 Vahlen Center,648351930
90769689S,Carmela,Learmont,67119 Warner Alley,925221391
02094229Q,Hildy,Ortzen,5 Dapin Way,944779189
66701950X,Malchy,Orrin,602 Fordem Hill,929805618
19797940C,Maureen,Ganforthe,72130 Hooker Avenue,632387928
44710884P,Zorine,Ghione,6193 Menomonie Road,724816299
09130408G,Jerad,Sanbroke,9162 Menomonie Center,779995457
91391369E,Kirby,Clabburn,33029 Nancy Road,781354819
86405222Y,Harlan,Rowlatt,75 Comanche Street,968898450
01936711A,Mattias,Parlett,29 Jana Circle,926697220
43655830K,Sibylla,Skerrett,35 Continental Street,676989493
43501218T,Rosaline,Testo,0472 Luster Parkway,968230921
22438899R,Chrotoem,McLanachan,60553 Anniversary Court,914788130
55178170I,Julia,Metrick,5 Spenser Way,708600810
95636756Z,Meyer,Pelerin,95 Blackbird Place,979747237
35263783P,Faina,Gilmore,331 Mosinee Way,917127175
12628438X,Aube,Melmoth,744 Service Trail,912241406
77889361I,Gavan,Hudspeth,31697 Killdeer Street,922432196
20437625C,Kyle,Chatel,0167 Pine View Circle,632052996
14284749H,Eugene,Plant,6753 Norway Maple Park,965972366
63265193T,Emanuel,Stobbart,6 Quincy Hill,720688135
80429639W,Basilius,Peaker,826 Talisman Plaza,980388482
31839729J,Hal,Florez,31 Cambridge Park,938202467
